<theme>
	<formatVersion>4</formatVersion>
	<include>./../theme.xml</include>

	<view name="system">

			<image name="background" extra="true">
				<size>1 0.4</size>
				<tile>true</tile>
				<path>./_inc/system_and.png</path>
				<tile>false</tile>

			</image>

			<image name="logo">
				<path>./_inc/system.svg</path>
	        </image>
			
			<helpsystem name="help">
				<textColor>ffffff88</textColor>
				<iconColor>ffffff88</iconColor>
				<fontSize>0.03</fontSize>
			</helpsystem>
		
	</view>
	<view name="system, basic, detailed, video">
		<image name="logo">
			<path>./_inc/system.svg</path>
		</image>
	</view>


</theme>